Statement,Risk,ΔValue,Utility
"Organisation und Priorisierung von Aufgaben, um sie effizient und effektiv zu erledigen.",0.2,9.5,7.78
"In der heutigen schnelllebigen Welt ist es wichtig, effektive Zeitmanagement-Fähigkeiten",0.2,8.5,6.96
"zu entwickeln, um produktiv zu bleiben und Stress zu reduzieren. - Zeitmanagement",0.2,8.5,6.96
"beinhaltet die Planung, Organisation und Priorisierung von Aufgaben, um sie effizient und",0.2,8.5,6.96
effektiv zu erledigen. - Eine gute Zeitmanagement-Strategie umfasst das Setzen von klaren,0.2,8.5,6.96
"Zielen, das Erstellen eines Zeitplans und das Vermeiden von Ablenkungen. - Durch die",0.2,8.5,6.96
"Nutzung von Tools wie Kalendern, To-Do-Listen und Zeitmanagement-Apps können Menschen ihre",0.2,8.5,6.96
"Zeit besser verwalten und ihre Produktivität steigern. - Es ist auch wichtig, Pausen",0.2,8.5,6.96
"einzuplanen und sich selbst zu belohnen, um die Motivation aufrechtzuerhalten und ein",0.2,8.5,6.96
gesundes Gleichgewicht zwischen Arbeit und Freizeit zu schaffen.  In der heutigen,0.2,8.5,6.96
"hektischen Welt ist es unerlässlich, effektive Zeitmanagement-Fähigkeiten zu entwickeln,",0.2,8.5,6.96
"um produktiv zu bleiben und Stress zu reduzieren. Zeitmanagement beinhaltet die Planung,",0.2,8.5,6.96
"Eine gute Zeitmanagement-Strategie umfasst das Setzen von klaren Zielen, das Erstellen",0.2,8.5,6.96
eines Zeitplans und das Vermeiden von Ablenkungen. Durch die Nutzung von Tools wie,0.2,8.5,6.96
"Kalendern, To-Do-Listen und Zeitmanagement-Apps können Menschen ihre Zeit besser verwalten",0.2,8.5,6.96
"und ihre Produktivität steigern. Es ist auch wichtig, Pausen einzuplanen und sich selbst",0.2,8.5,6.96
"zu belohnen, um die Motivation aufrechtzuerhalten und ein gesundes Gleichgewicht zwischen",0.2,8.5,6.96
Arbeit und Freizeit zu schaffen.,0.2,5.5,4.5
